<?xml version="1.0" encoding="utf-8"?>
<ApplicationInsights xmlns="http://schemas.microsoft.com/ApplicationInsights/2013/Settings" schemaVersion="2014-05-30">

  <SDKLogger />

  <!-- The key from the portal: -->
  <InstrumentationKey>4c35f88a-86c3-4dd9-bdbe-b83e6c6678ac</InstrumentationKey>

  <!-- HTTP request component (not required for bare API) -->

  <TelemetryModules>
    <Add type="com.microsoft.applicationinsights.web.extensibility.modules.WebRequestTrackingTelemetryModule"/>
    <Add type="com.microsoft.applicationinsights.web.extensibility.modules.WebSessionTrackingTelemetryModule"/>
    <Add type="com.microsoft.applicationinsights.web.extensibility.modules.WebUserTrackingTelemetryModule"/>
  </TelemetryModules>

  <!-- Events correlation (not required for bare API) -->
  <!-- These initializers add context data to each event -->

  <TelemetryInitializers>
    <Add type="com.microsoft.applicationinsights.web.extensibility.initializers.WebOperationIdTelemetryInitializer"/>
    <Add type="com.microsoft.applicationinsights.web.extensibility.initializers.WebOperationNameTelemetryInitializer"/>
    <Add type="com.microsoft.applicationinsights.web.extensibility.initializers.WebSessionTelemetryInitializer"/>
    <Add type="com.microsoft.applicationinsights.web.extensibility.initializers.WebUserTelemetryInitializer"/>
    <Add type="com.microsoft.applicationinsights.web.extensibility.initializers.WebUserAgentTelemetryInitializer"/>

  </TelemetryInitializers>
</ApplicationInsights>